prefix_fraction,prefix_percent,layer,accuracy,f1,roc_auc,shape
0.25,25,0,0.5,0.6666666666666666,0.5,"(56, 29, 1536)"
0.5,50,16,0.7321428571428571,0.7169811320754716,0.8124999999999999,"(56, 29, 1536)"
0.75,75,18,0.8571428571428571,0.8461538461538461,0.8877551020408163,"(56, 29, 1536)"
1.0,100,16,0.9285714285714286,0.9259259259259259,0.9502551020408164,"(56, 29, 1536)"
